AC No.,Constituency,Party Code,Party Name,Winning Candidate,Total Votes,Margin,Round Status,Source URL
1,GUMMIDIPOONDI,TVK,Tamilaga Vettri Kazhagam,S.VIJAYAKUMAR,94320,27945,26/26,https://results.eci.gov.in/ResultAcGenMay2026/partywisewinresult-3679S22.htm
2,PONNERI,TVK,Tamilaga Vettri Kazhagam,DR.RAVI.M.S,110439,55768,26/26,https://results.eci.gov.in/ResultAcGenMay2026/partywisewinresult-3679S22.htm
3,TIRUTTANI,ADMK,All India Anna Dravida Munnetra Kazhagam,G.HARI,89169,5793,27/27,https://results.eci.gov.in/ResultAcGenMay2026/partywisewinresult-75S22.htm
4,THIRUVALLUR,TVK,Tamilaga Vettri Kazhagam,DR. T. ARUNKUMAR,92190,24760,24/24,https://results.eci.gov.in/ResultAcGenMay2026/partywisewinresult-3679S22.htm
5,POONAMALLEE,TVK,Tamilaga Vettri Kazhagam,PRAKASAM.R,161309,72740,25/25,https://results.eci.gov.in/ResultAcGenMay2026/partywisewinresult-3679S22.htm
6,AVADI,TVK,Tamilaga Vettri Kazhagam,R.RAMESH KUMAR,180384,76311,27/27,https://results.eci.gov.in/ResultAcGenMay2026/partywisewinresult-3679S22.htm
7,MADURAVOYAL,TVK,Tamilaga Vettri Kazhagam,RHEVANTH CHARAN,141725,61509,27/27,https://results.eci.gov.in/ResultAcGenMay2026/partywisewinresult-3679S22.htm
8,AMBATTUR,TVK,Tamilaga Vettri Kazhagam,BALAMURUGAN.G,133339,58781,28/28,https://results.eci.gov.in/ResultAcGenMay2026/partywisewinresult-3679S22.htm
9,MADAVARAM,TVK,Tamilaga Vettri Kazhagam,M.L.VIJAYPRABHU,190462,94985,19/19,https://results.eci.gov.in/ResultAcGenMay2026/partywisewinresult-3679S22.htm
10,THIRUVOTTIYUR,TVK,Tamilaga Vettri Kazhagam,SENTHIL KUMAR. N,110067,53564,26/26,https://results.eci.gov.in/ResultAcGenMay2026/partywisewinresult-3679S22.htm
11,DR.RADHAKRISHNAN NAGAR,TVK,Tamilaga Vettri Kazhagam,N. MARIE WILSON,97800,49668,18/18,https://results.eci.gov.in/ResultAcGenMay2026/partywisewinresult-3679S22.htm
12,PERAMBUR,TVK,Tamilaga Vettri Kazhagam,C. JOSEPH VIJAY,120365,53715,23/23,https://results.eci.gov.in/ResultAcGenMay2026/partywisewinresult-3679S22.htm
13,KOLATHUR,TVK,Tamilaga Vettri Kazhagam,V. S. BABU,82997,8795,22/22,https://results.eci.gov.in/ResultAcGenMay2026/partywisewinresult-3679S22.htm
14,VILLIVAKKAM,TVK,Tamilaga Vettri Kazhagam,AADHAV ARJUNA,66445,17302,19/19,https://results.eci.gov.in/ResultAcGenMay2026/partywisewinresult-3679S22.htm
15,THIRU-VI-KA-NAGAR,TVK,Tamilaga Vettri Kazhagam,M. R. PALLAVI,69125,22333,17/17,https://results.eci.gov.in/ResultAcGenMay2026/partywisewinresult-3679S22.htm
16,EGMORE,TVK,Tamilaga Vettri Kazhagam,RAJMOHAN,53901,10804,15/15,https://results.eci.gov.in/ResultAcGenMay2026/partywisewinresult-3679S22.htm
17,ROYAPURAM,TVK,Tamilaga Vettri Kazhagam,K.V. VIJAY DAMU,59091,14249,15/15,https://results.eci.gov.in/ResultAcGenMay2026/partywisewinresult-3679S22.htm
18,HARBOUR,DMK,Dravida Munnetra Kazhagam,P K SEKARBABU,45254,11750,14/14,https://results.eci.gov.in/ResultAcGenMay2026/partywisewinresult-582S22.htm
19,CHEPAUK-THIRUVALLIKENI,DMK,Dravida Munnetra Kazhagam,UDHAYANIDHI STALIN,62992,7140,17/17,https://results.eci.gov.in/ResultAcGenMay2026/partywisewinresult-582S22.htm
20,THOUSAND LIGHTS,TVK,Tamilaga Vettri Kazhagam,PRABHAKAR.J.C.D,58965,15141,18/18,https://results.eci.gov.in/ResultAcGenMay2026/partywisewinresult-3679S22.htm
21,ANNA NAGAR,TVK,Tamilaga Vettri Kazhagam,V.K.RAMKUMAR,71375,21363,20/20,https://results.eci.gov.in/ResultAcGenMay2026/partywisewinresult-3679S22.htm
22,VIRUGAMPAKKAM,TVK,Tamilaga Vettri Kazhagam,SABARINATHAN.R,76092,27086,24/24,https://results.eci.gov.in/ResultAcGenMay2026/partywisewinresult-3679S22.htm
23,SAIDAPET,TVK,Tamilaga Vettri Kazhagam,ARUL PRAKASAM. M,81205,28514,21/21,https://results.eci.gov.in/ResultAcGenMay2026/partywisewinresult-3679S22.htm
24,THIYAGARAYANAGAR,TVK,Tamilaga Vettri Kazhagam,ANAND N,51632,13027,18/18,https://results.eci.gov.in/ResultAcGenMay2026/partywisewinresult-3679S22.htm
25,MYLAPORE,TVK,Tamilaga Vettri Kazhagam,VENKATARAMANAN. P,70070,28972,21/21,https://results.eci.gov.in/ResultAcGenMay2026/partywisewinresult-3679S22.htm
26,VELACHERY,TVK,Tamilaga Vettri Kazhagam,KUMAR. R,80430,33305,23/23,https://results.eci.gov.in/ResultAcGenMay2026/partywisewinresult-3679S22.htm
27,SHOZHINGANALLUR,TVK,Tamilaga Vettri Kazhagam,ECR P SARAVANAN,220382,96780,33/33,https://results.eci.gov.in/ResultAcGenMay2026/partywisewinresult-3679S22.htm
28,ALANDUR,TVK,Tamilaga Vettri Kazhagam,M.HARISH,112205,29609,31/31,https://results.eci.gov.in/ResultAcGenMay2026/partywisewinresult-3679S22.htm
29,SRIPERUMBUDUR,TVK,Tamilaga Vettri Kazhagam,THENNARASU.K,147611,54246,33/33,https://results.eci.gov.in/ResultAcGenMay2026/partywisewinresult-3679S22.htm
30,PALLAVARAM,TVK,Tamilaga Vettri Kazhagam,J.KAMATCHI,133611,54693,35/35,https://results.eci.gov.in/ResultAcGenMay2026/partywisewinresult-3679S22.htm
31,TAMBARAM,TVK,Tamilaga Vettri Kazhagam,D.SARATHKUMAR,118967,35621,39/39,https://results.eci.gov.in/ResultAcGenMay2026/partywisewinresult-3679S22.htm
32,CHENGALPATTU,TVK,Tamilaga Vettri Kazhagam,S. THIYAGARAJAN,137136,35641,40/40,https://results.eci.gov.in/ResultAcGenMay2026/partywisewinresult-3679S22.htm
33,THIRUPORUR,TVK,Tamilaga Vettri Kazhagam,B.VIJAYARAJ,110095,39351,33/33,https://results.eci.gov.in/ResultAcGenMay2026/partywisewinresult-3679S22.htm
34,CHEYYUR,ADMK,All India Anna Dravida Munnetra Kazhagam,RAJASEKAR. E,63809,5668,22/22,https://results.eci.gov.in/ResultAcGenMay2026/partywisewinresult-75S22.htm
35,MADURANTAKAM,ADMK,All India Anna Dravida Munnetra Kazhagam,MARAGATHAM KUMARAVEL.K,69284,7194,22/22,https://results.eci.gov.in/ResultAcGenMay2026/partywisewinresult-75S22.htm
36,UTHIRAMERUR,TVK,Tamilaga Vettri Kazhagam,MUNIRATHINAM.J,84917,14223,24/24,https://results.eci.gov.in/ResultAcGenMay2026/partywisewinresult-3679S22.htm
37,KANCHEEPURAM,TVK,Tamilaga Vettri Kazhagam,R.V. RANJITHKUMAR,91350,15488,26/26,https://results.eci.gov.in/ResultAcGenMay2026/partywisewinresult-3679S22.htm
38,ARAKKONAM,TVK,Tamilaga Vettri Kazhagam,V. GANDHIRAJ,73776,23121,22/22,https://results.eci.gov.in/ResultAcGenMay2026/partywisewinresult-3679S22.htm
39,SHOLINGUR,TVK,Tamilaga Vettri Kazhagam,G.KAPIL,84506,5686,26/26,https://results.eci.gov.in/ResultAcGenMay2026/partywisewinresult-3679S22.htm
40,KATPADI,TVK,Tamilaga Vettri Kazhagam,DR M SUDHAKAR,69868,5870,21/21,https://results.eci.gov.in/ResultAcGenMay2026/partywisewinresult-3679S22.htm
41,RANIPET,TVK,Tamilaga Vettri Kazhagam,THAHIRA,91149,5787,22/22,https://results.eci.gov.in/ResultAcGenMay2026/partywisewinresult-3679S22.htm
42,ARCOT,ADMK,All India Anna Dravida Munnetra Kazhagam,S.M.SUKUMAR,105608,42720,23/23,https://results.eci.gov.in/ResultAcGenMay2026/partywisewinresult-75S22.htm
43,VELLORE,TVK,Tamilaga Vettri Kazhagam,M.M.VINOTH KANNAN,73032,6777,22/22,https://results.eci.gov.in/ResultAcGenMay2026/partywisewinresult-3679S22.htm
44,ANAIKATTU,ADMK,All India Anna Dravida Munnetra Kazhagam,D.VELAZHAGAN,76302,7081,23/23,https://results.eci.gov.in/ResultAcGenMay2026/partywisewinresult-75S22.htm
45,KILVAITHINANKUPPAM,TVK,Tamilaga Vettri Kazhagam,THENRAL KUMAR. E,74305,20255,19/19,https://results.eci.gov.in/ResultAcGenMay2026/partywisewinresult-3679S22.htm
46,GUDIYATTAM,TVK,Tamilaga Vettri Kazhagam,K.SINDU,82858,10097,23/23,https://results.eci.gov.in/ResultAcGenMay2026/partywisewinresult-3679S22.htm
47,VANIYAMBADI,IUML,Indian Union Muslim League,SYED FAROOQ BASHA SSB,73181,2982,24/24,https://results.eci.gov.in/ResultAcGenMay2026/partywisewinresult-772S22.htm
48,AMBUR,DMK,Dravida Munnetra Kazhagam,VILWANATHAN. A.C.,74102,7131,24/24,https://results.eci.gov.in/ResultAcGenMay2026/partywisewinresult-582S22.htm
49,JOLARPET,ADMK,All India Anna Dravida Munnetra Kazhagam,VEERAMANI K.C.,78633,16083,22/22,https://results.eci.gov.in/ResultAcGenMay2026/partywisewinresult-75S22.htm
50,TIRUPPATTUR,TVK,Tamilaga Vettri Kazhagam,DR.THIRUPATHI. N,105098,48263,23/23,https://results.eci.gov.in/ResultAcGenMay2026/partywisewinresult-3679S22.htm
51,UTHANGARAI,TVK,Tamilaga Vettri Kazhagam,N ELAIYARAJA,70201,5198,25/25,https://results.eci.gov.in/ResultAcGenMay2026/partywisewinresult-3679S22.htm
52,BARGUR,ADMK,All India Anna Dravida Munnetra Kazhagam,E.C. GOVINDARASAN,71240,4241,24/24,https://results.eci.gov.in/ResultAcGenMay2026/partywisewinresult-75S22.htm
53,KRISHNAGIRI,TVK,Tamilaga Vettri Kazhagam,MUKUNDHAN.P,89374,18844,25/25,https://results.eci.gov.in/ResultAcGenMay2026/partywisewinresult-3679S22.htm
54,VEPPANAHALLI,DMK,Dravida Munnetra Kazhagam,SRINIVASAN.P.S,74691,138,27/27,https://results.eci.gov.in/ResultAcGenMay2026/partywisewinresult-582S22.htm
55,HOSUR,ADMK,All India Anna Dravida Munnetra Kazhagam,BALAKRISHNAREDDY. P,109867,27803,32/32,https://results.eci.gov.in/ResultAcGenMay2026/partywisewinresult-75S22.htm
56,THALLI,CPI,Communist Party of India,RAMACHANDRAN. T,78283,5240,24/24,https://results.eci.gov.in/ResultAcGenMay2026/partywisewinresult-544S22.htm
57,PALACODU,ADMK,All India Anna Dravida Munnetra Kazhagam,ANBALAGAN. K.P.,102807,39042,23/23,https://results.eci.gov.in/ResultAcGenMay2026/partywisewinresult-75S22.htm
58,PENNAGARAM,TVK,Tamilaga Vettri Kazhagam,GAJENDRAN. S.,81240,3165,23/23,https://results.eci.gov.in/ResultAcGenMay2026/partywisewinresult-3679S22.htm
59,DHARMAPURI,PMK,Pattali Makkal Katchi,SOWMIYA ANBUMANI,93713,20896,23/23,https://results.eci.gov.in/ResultAcGenMay2026/partywisewinresult-1272S22.htm
60,PAPPIREDDIPATTI,ADMK,All India Anna Dravida Munnetra Kazhagam,MARAGATHAM VETRIVEL,101829,33114,25/25,https://results.eci.gov.in/ResultAcGenMay2026/partywisewinresult-75S22.htm
61,HARUR,ADMK,All India Anna Dravida Munnetra Kazhagam,SAMPATHKUMAR. V,75523,3329,23/23,https://results.eci.gov.in/ResultAcGenMay2026/partywisewinresult-75S22.htm
62,CHENGAM,ADMK,All India Anna Dravida Munnetra Kazhagam,S.VELU,87802,13278,25/25,https://results.eci.gov.in/ResultAcGenMay2026/partywisewinresult-75S22.htm
63,TIRUVANNAMALAI,DMK,Dravida Munnetra Kazhagam,VELU. E.V,88273,2455,23/23,https://results.eci.gov.in/ResultAcGenMay2026/partywisewinresult-582S22.htm
64,KILPENNATHUR,ADMK,All India Anna Dravida Munnetra Kazhagam,RAMACHANDRAN.S,90503,30465,23/23,https://results.eci.gov.in/ResultAcGenMay2026/partywisewinresult-75S22.htm
65,KALASAPAKKAM,ADMK,All India Anna Dravida Munnetra Kazhagam,AGRI KRISHNAMURTHY. S S,89629,26740,24/24,https://results.eci.gov.in/ResultAcGenMay2026/partywisewinresult-75S22.htm
66,POLUR,TVK,Tamilaga Vettri Kazhagam,ABISHEK. R,67961,227,22/22,https://results.eci.gov.in/ResultAcGenMay2026/partywisewinresult-3679S22.htm
67,ARANI,ADMK,All India Anna Dravida Munnetra Kazhagam,JAYASUDHA. L,76735,5631,25/25,https://results.eci.gov.in/ResultAcGenMay2026/partywisewinresult-75S22.htm
68,CHEYYAR,ADMK,All India Anna Dravida Munnetra Kazhagam,MUKKUR N. SUBRAMANIAN,86680,21081,24/24,https://results.eci.gov.in/ResultAcGenMay2026/partywisewinresult-75S22.htm
69,VANDAVASI,DMK,Dravida Munnetra Kazhagam,AMBETHKUMAR. S,63805,3333,21/21,https://results.eci.gov.in/ResultAcGenMay2026/partywisewinresult-582S22.htm
70,GINGEE,PMK,Pattali Makkal Katchi,GANESHKUMAR A,78201,12645,24/24,https://results.eci.gov.in/ResultAcGenMay2026/partywisewinresult-1272S22.htm
71,MAILAM,ADMK,All India Anna Dravida Munnetra Kazhagam,SHANMUGAM C VE,82353,30041,21/21,https://results.eci.gov.in/ResultAcGenMay2026/partywisewinresult-75S22.htm
72,TINDIVANAM,VCK,Viduthalai Chiruthaigal Katchi,VANNI ARASU,63833,734,23/23,https://results.eci.gov.in/ResultAcGenMay2026/partywisewinresult-1847S22.htm
73,VANUR,DMK,Dravida Munnetra Kazhagam,GOWTHAM D,68873,7034,23/23,https://results.eci.gov.in/ResultAcGenMay2026/partywisewinresult-582S22.htm
74,VILUPPURAM,DMK,Dravida Munnetra Kazhagam,LAKSHMANAN R,72982,4119,24/24,https://results.eci.gov.in/ResultAcGenMay2026/partywisewinresult-582S22.htm
75,VIKRAVANDI,PMK,Pattali Makkal Katchi,SIVAKUMAR C,69727,910,23/23,https://results.eci.gov.in/ResultAcGenMay2026/partywisewinresult-1272S22.htm
76,TIRUKKOYILUR,ADMK,All India Anna Dravida Munnetra Kazhagam,PALANISAMY S,73033,285,24/24,https://results.eci.gov.in/ResultAcGenMay2026/partywisewinresult-75S22.htm
77,ULUNDURPETTAI,DMK,Dravida Munnetra Kazhagam,VASANTHAVEL G R,98471,2277,29/29,https://results.eci.gov.in/ResultAcGenMay2026/partywisewinresult-582S22.htm
78,RISHIVANDIYAM,DMK,Dravida Munnetra Kazhagam,KARTHIKEYAN K,89711,4862,25/25,https://results.eci.gov.in/ResultAcGenMay2026/partywisewinresult-582S22.htm
79,SANKARAPURAM,ADMK,All India Anna Dravida Munnetra Kazhagam,RAKESH R,80250,3440,25/25,https://results.eci.gov.in/ResultAcGenMay2026/partywisewinresult-75S22.htm
80,KALLAKURICHI,TVK,Tamilaga Vettri Kazhagam,ARUL VIGNESH C,81132,798,27/27,https://results.eci.gov.in/ResultAcGenMay2026/partywisewinresult-3679S22.htm
81,GANGAVALLI,ADMK,All India Anna Dravida Munnetra Kazhagam,NALLATHAMBI. A,73167,14404,22/22,https://results.eci.gov.in/ResultAcGenMay2026/partywisewinresult-75S22.htm
82,ATTUR,ADMK,All India Anna Dravida Munnetra Kazhagam,JAYASANKARAN. A.P.,80843,15318,23/23,https://results.eci.gov.in/ResultAcGenMay2026/partywisewinresult-75S22.htm
83,YERCAUD,ADMK,All India Anna Dravida Munnetra Kazhagam,USHARANI. P,87772,2189,25/25,https://results.eci.gov.in/ResultAcGenMay2026/partywisewinresult-75S22.htm
84,OMALUR,ADMK,All India Anna Dravida Munnetra Kazhagam,MANI. R,112246,14539,26/26,https://results.eci.gov.in/ResultAcGenMay2026/partywisewinresult-75S22.htm
85,METTUR,ADMK,All India Anna Dravida Munnetra Kazhagam,VENKATACHALAM. G,86498,19105,30/30,https://results.eci.gov.in/ResultAcGenMay2026/partywisewinresult-75S22.htm
86,EDAPPADI,ADMK,All India Anna Dravida Munnetra Kazhagam,EDAPPADI PALANISWAMI. K,148933,98110,25/25,https://results.eci.gov.in/ResultAcGenMay2026/partywisewinresult-75S22.htm
87,SANKARI,ADMK,All India Anna Dravida Munnetra Kazhagam,VETRIVEL. S,87342,9517,25/25,https://results.eci.gov.in/ResultAcGenMay2026/partywisewinresult-75S22.htm
88,SALEM (WEST),TVK,Tamilaga Vettri Kazhagam,LAKSHMANAN.S,120407,74867,24/24,https://results.eci.gov.in/ResultAcGenMay2026/partywisewinresult-3679S22.htm
89,SALEM (NORTH),TVK,Tamilaga Vettri Kazhagam,SIVAKUMAR. K,85710,14034,23/23,https://results.eci.gov.in/ResultAcGenMay2026/partywisewinresult-3679S22.htm
90,SALEM (SOUTH),TVK,Tamilaga Vettri Kazhagam,VIJAY TAMILAN PARTHIBAN. A,91371,33369,20/20,https://results.eci.gov.in/ResultAcGenMay2026/partywisewinresult-3679S22.htm
91,VEERAPANDI,TVK,Tamilaga Vettri Kazhagam,PALANIVEL. M.S,79907,4071,23/23,https://results.eci.gov.in/ResultAcGenMay2026/partywisewinresult-3679S22.htm
92,RASIPURAM,TVK,Tamilaga Vettri Kazhagam,LOGESH TAMILSELVAN D,74808,14511,21/21,https://results.eci.gov.in/ResultAcGenMay2026/partywisewinresult-3679S22.htm
93,SENTHAMANGALAM,TVK,Tamilaga Vettri Kazhagam,P CHANDRASEKAR,68815,2655,23/23,https://results.eci.gov.in/ResultAcGenMay2026/partywisewinresult-3679S22.htm
94,NAMAKKAL,TVK,Tamilaga Vettri Kazhagam,DILIP C S,79744,11008,23/23,https://results.eci.gov.in/ResultAcGenMay2026/partywisewinresult-3679S22.htm
95,PARAMATHI-VELUR,ADMK,All India Anna Dravida Munnetra Kazhagam,SEKAR S,61349,308,20/20,https://results.eci.gov.in/ResultAcGenMay2026/partywisewinresult-75S22.htm
96,TIRUCHENGODU,TVK,Tamilaga Vettri Kazhagam,ARUNRAJ K G,79500,28172,22/22,https://results.eci.gov.in/ResultAcGenMay2026/partywisewinresult-3679S22.htm
97,KUMARAPALAYAM,TVK,Tamilaga Vettri Kazhagam,C.VIJAYALAKSHMI,81179,7696,24/24,https://results.eci.gov.in/ResultAcGenMay2026/partywisewinresult-3679S22.htm
98,ERODE (EAST),TVK,Tamilaga Vettri Kazhagam,M.VIJAY BALAJI,69747,23966,20/20,https://results.eci.gov.in/ResultAcGenMay2026/partywisewinresult-3679S22.htm
99,ERODE (WEST),TVK,Tamilaga Vettri Kazhagam,ANANTH MOGHAN K.K.,96836,22250,24/24,https://results.eci.gov.in/ResultAcGenMay2026/partywisewinresult-3679S22.htm
100,MODAKKURICHI,TVK,Tamilaga Vettri Kazhagam,D.SHANMUGAN,60715,2430,21/21,https://results.eci.gov.in/ResultAcGenMay2026/partywisewinresult-3679S22.htm
101,DHARAPURAM,ADMK,All India Anna Dravida Munnetra Kazhagam,SATHYABAMA.P,81100,16727,24/24,https://results.eci.gov.in/ResultAcGenMay2026/partywisewinresult-75S22.htm
102,KANGAYAM,ADMK,All India Anna Dravida Munnetra Kazhagam,NSN NATARAJ,71122,8133,24/24,https://results.eci.gov.in/ResultAcGenMay2026/partywisewinresult-75S22.htm
103,PERUNDURAI,ADMK,All India Anna Dravida Munnetra Kazhagam,JAYAKUMAR. S,70302,9693,22/22,https://results.eci.gov.in/ResultAcGenMay2026/partywisewinresult-75S22.htm
104,BHAVANI,ADMK,All India Anna Dravida Munnetra Kazhagam,KARUPPANAN. K.C,75577,7396,22/22,https://results.eci.gov.in/ResultAcGenMay2026/partywisewinresult-75S22.htm
105,ANTHIYUR,ADMK,All India Anna Dravida Munnetra Kazhagam,HARIBASKAR.P,60042,1260,20/20,https://results.eci.gov.in/ResultAcGenMay2026/partywisewinresult-75S22.htm
106,GOBICHETTIPALAYAM,TVK,Tamilaga Vettri Kazhagam,SENGOTTAIYAN.K.A,82612,16620,23/23,https://results.eci.gov.in/ResultAcGenMay2026/partywisewinresult-3679S22.htm
107,BHAVANISAGAR,TVK,Tamilaga Vettri Kazhagam,V.P.TAMILSELVI,72391,4569,24/24,https://results.eci.gov.in/ResultAcGenMay2026/partywisewinresult-3679S22.htm
108,UDHAGAMANDALAM,BJP,Bharatiya Janata Party,BHOJARAJAN.M,48488,976,21/21,https://results.eci.gov.in/ResultAcGenMay2026/partywisewinresult-369S22.htm
109,GUDALUR,DMK,Dravida Munnetra Kazhagam,DHRAVIDAMANI.M,65590,22833,18/18,https://results.eci.gov.in/ResultAcGenMay2026/partywisewinresult-582S22.htm
110,COONOOR,DMK,Dravida Munnetra Kazhagam,M. RAJU,50470,8099,18/18,https://results.eci.gov.in/ResultAcGenMay2026/partywisewinresult-582S22.htm
111,METTUPPALAYAM,TVK,Tamilaga Vettri Kazhagam,SUNILANAND,75664,7768,27/27,https://results.eci.gov.in/ResultAcGenMay2026/partywisewinresult-3679S22.htm
112,AVANASHI,TVK,Tamilaga Vettri Kazhagam,KAMALI.S,84209,15373,28/28,https://results.eci.gov.in/ResultAcGenMay2026/partywisewinresult-3679S22.htm
113,TIRUPPUR (NORTH),TVK,Tamilaga Vettri Kazhagam,V.SATHYABAMA,131401,69992,34/34,https://results.eci.gov.in/ResultAcGenMay2026/partywisewinresult-3679S22.htm
114,TIRUPPUR (SOUTH),TVK,Tamilaga Vettri Kazhagam,BALAMURUGAN. S,73793,12901,21/21,https://results.eci.gov.in/ResultAcGenMay2026/partywisewinresult-3679S22.htm
115,PALLADAM,TVK,Tamilaga Vettri Kazhagam,K.RAMKUMAR,121297,37897,35/35,https://results.eci.gov.in/ResultAcGenMay2026/partywisewinresult-3679S22.htm
116,SULUR,TVK,Tamilaga Vettri Kazhagam,NM.SUKUMAR,90531,4790,30/30,https://results.eci.gov.in/ResultAcGenMay2026/partywisewinresult-3679S22.htm
117,KAVUNDAMPALAYAM,TVK,Tamilaga Vettri Kazhagam,KANIMOZHI SANTHOSH,146466,42140,28/28,https://results.eci.gov.in/ResultAcGenMay2026/partywisewinresult-3679S22.htm
118,COIMBATORE (NORTH),TVK,Tamilaga Vettri Kazhagam,V. SAMPATHKUMAR,92500,21992,25/25,https://results.eci.gov.in/ResultAcGenMay2026/partywisewinresult-3679S22.htm
119,THONDAMUTHUR,ADMK,All India Anna Dravida Munnetra Kazhagam,S.P.VELUMANI,93316,14725,28/28,https://results.eci.gov.in/ResultAcGenMay2026/partywisewinresult-75S22.htm
120,COIMBATORE (SOUTH),DMK,Dravida Munnetra Kazhagam,V SENTHILBALAJI,59724,2271,20/20,https://results.eci.gov.in/ResultAcGenMay2026/partywisewinresult-582S22.htm
121,SINGANALLUR,TVK,Tamilaga Vettri Kazhagam,K.S.SRI GIRI PRASATH,84163,19139,27/27,https://results.eci.gov.in/ResultAcGenMay2026/partywisewinresult-3679S22.htm
122,KINATHUKADAVU,TVK,Tamilaga Vettri Kazhagam,VIGNESH K,99950,11710,31/31,https://results.eci.gov.in/ResultAcGenMay2026/partywisewinresult-3679S22.htm
123,POLLACHI,DMK,Dravida Munnetra Kazhagam,K. NITHYANANDHAN,62013,4627,22/22,https://results.eci.gov.in/ResultAcGenMay2026/partywisewinresult-582S22.htm
124,VALPARAI,DMK,Dravida Munnetra Kazhagam,KUTTY (ALIAS) SUDHAKAR. A,54671,9371,19/19,https://results.eci.gov.in/ResultAcGenMay2026/partywisewinresult-582S22.htm
125,UDUMALAIPETTAI,DMK,Dravida Munnetra Kazhagam,JAYAKUMAR M.,68549,2882,22/22,https://results.eci.gov.in/ResultAcGenMay2026/partywisewinresult-582S22.htm
126,MADATHUKULAM,DMK,Dravida Munnetra Kazhagam,R JAYARAMAKRISHNAN,70458,15968,22/22,https://results.eci.gov.in/ResultAcGenMay2026/partywisewinresult-582S22.htm
127,PALANI,ADMK,All India Anna Dravida Munnetra Kazhagam,RAVIMANOHARAN. K,66986,693,27/27,https://results.eci.gov.in/ResultAcGenMay2026/partywisewinresult-75S22.htm
128,ODDANCHATRAM,DMK,Dravida Munnetra Kazhagam,SAKKARAPANI. R,93099,43249,26/26,https://results.eci.gov.in/ResultAcGenMay2026/partywisewinresult-582S22.htm
129,ATHOOR,DMK,Dravida Munnetra Kazhagam,I. PERIASAMY,106240,22368,26/26,https://results.eci.gov.in/ResultAcGenMay2026/partywisewinresult-582S22.htm
130,NILAKKOTTAI,TVK,Tamilaga Vettri Kazhagam,AYYANAR.R,68580,2925,25/25,https://results.eci.gov.in/ResultAcGenMay2026/partywisewinresult-3679S22.htm
131,NATHAM,ADMK,All India Anna Dravida Munnetra Kazhagam,NATHAM VISWANATHAN R,85708,11869,27/27,https://results.eci.gov.in/ResultAcGenMay2026/partywisewinresult-75S22.htm
132,DINDIGUL,DMK,Dravida Munnetra Kazhagam,SENTHILKUMAR. I.P,74489,1131,26/26,https://results.eci.gov.in/ResultAcGenMay2026/partywisewinresult-582S22.htm
133,VEDASANDUR,DMK,Dravida Munnetra Kazhagam,SAMINATHAN. T,84948,10063,27/27,https://results.eci.gov.in/ResultAcGenMay2026/partywisewinresult-582S22.htm
134,ARAVAKURICHI,DMK,Dravida Munnetra Kazhagam,ELANGO. R,70827,19382,22/22,https://results.eci.gov.in/ResultAcGenMay2026/partywisewinresult-582S22.htm
135,KARUR,ADMK,All India Anna Dravida Munnetra Kazhagam,M.R. VIJAYABHASKAR,71542,1821,21/21,https://results.eci.gov.in/ResultAcGenMay2026/partywisewinresult-75S22.htm
136,KRISHNARAYAPURAM,TVK,Tamilaga Vettri Kazhagam,SATHYA. M,62378,3503,21/21,https://results.eci.gov.in/ResultAcGenMay2026/partywisewinresult-3679S22.htm
137,KULITHALAI,DMK,Dravida Munnetra Kazhagam,SURIYANUR. A. CHANDRAN,68138,579,21/21,https://results.eci.gov.in/ResultAcGenMay2026/partywisewinresult-582S22.htm
138,MANAPPARAI,TVK,Tamilaga Vettri Kazhagam,R. KATHIRAVAN,83041,1426,26/26,https://results.eci.gov.in/ResultAcGenMay2026/partywisewinresult-3679S22.htm
139,SRIRANGAM,TVK,Tamilaga Vettri Kazhagam,RAMESH,103235,33590,28/28,https://results.eci.gov.in/ResultAcGenMay2026/partywisewinresult-3679S22.htm
140,TIRUCHIRAPPALLI (WEST),DMK,Dravida Munnetra Kazhagam,K.N.NEHRU,88235,4786,24/24,https://results.eci.gov.in/ResultAcGenMay2026/partywisewinresult-582S22.htm
141,TIRUCHIRAPPALLI (EAST),TVK,Tamilaga Vettri Kazhagam,C. JOSEPH VIJAY,91381,27416,28/28,https://results.eci.gov.in/ResultAcGenMay2026/partywisewinresult-3679S22.htm
142,THIRUVERUMBUR,TVK,Tamilaga Vettri Kazhagam,VIJAYAKUMAR (A) NAVALPATTU S. VIJI,89837,8705,24/24,https://results.eci.gov.in/ResultAcGenMay2026/partywisewinresult-3679S22.htm
143,LALGUDI,ADMK,All India Anna Dravida Munnetra Kazhagam,LEEMAROSE MARTIN,60795,2739,21/21,https://results.eci.gov.in/ResultAcGenMay2026/partywisewinresult-75S22.htm
144,MANACHANALLUR,DMK,Dravida Munnetra Kazhagam,KATHIRAVAN. S,81447,12364,22/22,https://results.eci.gov.in/ResultAcGenMay2026/partywisewinresult-582S22.htm
145,MUSIRI,TVK,Tamilaga Vettri Kazhagam,M.VIGNESH,71281,17442,21/21,https://results.eci.gov.in/ResultAcGenMay2026/partywisewinresult-3679S22.htm
146,THURAIYUR,TVK,Tamilaga Vettri Kazhagam,RAVISANKAR.M,66263,9614,23/23,https://results.eci.gov.in/ResultAcGenMay2026/partywisewinresult-3679S22.htm
147,PERAMBALUR,TVK,Tamilaga Vettri Kazhagam,SIVAKUMAR. K,90882,14393,28/28,https://results.eci.gov.in/ResultAcGenMay2026/partywisewinresult-3679S22.htm
148,KUNNAM,DMK,Dravida Munnetra Kazhagam,SIVASANKAR. S.S,87237,15557,25/25,https://results.eci.gov.in/ResultAcGenMay2026/partywisewinresult-582S22.htm
149,ARIYALUR,ADMK,All India Anna Dravida Munnetra Kazhagam,RAJENDRAN S,95219,24498,25/25,https://results.eci.gov.in/ResultAcGenMay2026/partywisewinresult-75S22.htm
150,JAYANKONDAM,PMK,Pattali Makkal Katchi,VAITHILINGAM G.,88992,18490,25/25,https://results.eci.gov.in/ResultAcGenMay2026/partywisewinresult-1272S22.htm
151,TITTAKUDI,DMK,Dravida Munnetra Kazhagam,GANESAN C.V,63106,2629,21/21,https://results.eci.gov.in/ResultAcGenMay2026/partywisewinresult-582S22.htm
152,VRIDDHACHALAM,DMDK,Desiya Murpokku Dravida Kazhagam,PREMALLATHA VIJAYAKANT,69351,2387,24/24,https://results.eci.gov.in/ResultAcGenMay2026/partywisewinresult-581S22.htm
153,NEYVELI,ADMK,All India Anna Dravida Munnetra Kazhagam,RAJENDRAN.R,63731,10962,20/20,https://results.eci.gov.in/ResultAcGenMay2026/partywisewinresult-75S22.htm
154,PANRUTI,ADMK,All India Anna Dravida Munnetra Kazhagam,MOHAN. K,78398,10663,23/23,https://results.eci.gov.in/ResultAcGenMay2026/partywisewinresult-75S22.htm
155,CUDDALORE,TVK,Tamilaga Vettri Kazhagam,B.RAJKUMAR,70856,15519,20/20,https://results.eci.gov.in/ResultAcGenMay2026/partywisewinresult-3679S22.htm
156,KURINJIPADI,DMK,Dravida Munnetra Kazhagam,M.R.K.PANNEERSELVAM,76695,7589,20/20,https://results.eci.gov.in/ResultAcGenMay2026/partywisewinresult-582S22.htm
157,BHUVANAGIRI,ADMK,All India Anna Dravida Munnetra Kazhagam,ARUNMOZHITHEVAN . A,75707,2487,26/26,https://results.eci.gov.in/ResultAcGenMay2026/partywisewinresult-75S22.htm
158,CHIDAMBARAM,DMK,Dravida Munnetra Kazhagam,THAMIMUN ANSARI. M,69739,5747,24/24,https://results.eci.gov.in/ResultAcGenMay2026/partywisewinresult-582S22.htm
159,KATTUMANNARKOIL,VCK,Viduthalai Chiruthaigal Katchi,L.E. JOTHIMANI,85179,33063,22/22,https://results.eci.gov.in/ResultAcGenMay2026/partywisewinresult-1847S22.htm
160,SIRKAZHI,DMK,Dravida Munnetra Kazhagam,SENTHILSELVAN.R,71449,11417,23/23,https://results.eci.gov.in/ResultAcGenMay2026/partywisewinresult-582S22.htm
161,MAYILADUTHURAI,INC,Indian National Congress,JAMAL MOHAMED YOUNOOS. Y.N,68011,10845,22/22,https://results.eci.gov.in/ResultAcGenMay2026/partywisewinresult-742S22.htm
162,POOMPUHAR,DMK,Dravida Munnetra Kazhagam,NIVEDHA M MURUGAN,81096,8260,25/25,https://results.eci.gov.in/ResultAcGenMay2026/partywisewinresult-582S22.htm
163,NAGAPATTINAM,DMK,Dravida Munnetra Kazhagam,M.H.JAWAHIRULLAH,56305,9781,19/19,https://results.eci.gov.in/ResultAcGenMay2026/partywisewinresult-582S22.htm
164,KILVELUR,CPI(M),Communist Party of India (Marxist),LATHA. T,56108,2278,17/17,https://results.eci.gov.in/ResultAcGenMay2026/partywisewinresult-547S22.htm
165,VEDARANYAM,ADMK,All India Anna Dravida Munnetra Kazhagam,MANIAN. O.S,59172,7331,18/18,https://results.eci.gov.in/ResultAcGenMay2026/partywisewinresult-75S22.htm
166,THIRUTHURAIPOONDI,CPI,Communist Party of India,MARIMUTHU.K,74062,12922,21/21,https://results.eci.gov.in/ResultAcGenMay2026/partywisewinresult-544S22.htm
167,MANNARGUDI,AMMKMNKZ,Amma Makkal Munnettra Kazagam,KAMARAJ. S,68416,1566,22/22,https://results.eci.gov.in/ResultAcGenMay2026/partywisewinresult-2866S22.htm
168,THIRUVARUR,DMK,Dravida Munnetra Kazhagam,KALAIVANAN POONDI K,93408,18148,25/25,https://results.eci.gov.in/ResultAcGenMay2026/partywisewinresult-582S22.htm
169,NANNILAM,ADMK,All India Anna Dravida Munnetra Kazhagam,KAMARAJ. R,103462,41724,25/25,https://results.eci.gov.in/ResultAcGenMay2026/partywisewinresult-75S22.htm
170,THIRUVIDAIMARUDUR,DMK,Dravida Munnetra Kazhagam,GOVI.CHEZHIAAN,79951,14116,25/25,https://results.eci.gov.in/ResultAcGenMay2026/partywisewinresult-582S22.htm
171,KUMBAKONAM,TVK,Tamilaga Vettri Kazhagam,VINOTH,78650,679,23/23,https://results.eci.gov.in/ResultAcGenMay2026/partywisewinresult-3679S22.htm
172,PAPANASAM,IUML,Indian Union Muslim League,A.M. SHAHJAHAN,69284,1065,23/23,https://results.eci.gov.in/ResultAcGenMay2026/partywisewinresult-772S22.htm
173,THIRUVAIYARU,DMK,Dravida Munnetra Kazhagam,DURAI. CHANDRASEKARAN,80425,8555,25/25,https://results.eci.gov.in/ResultAcGenMay2026/partywisewinresult-582S22.htm
174,THANJAVUR,TVK,Tamilaga Vettri Kazhagam,R. VIJAYSARAVANAN,87705,16955,24/24,https://results.eci.gov.in/ResultAcGenMay2026/partywisewinresult-3679S22.htm
175,ORATHANADU,DMK,Dravida Munnetra Kazhagam,R. VAITHILINGAM,86759,35028,24/24,https://results.eci.gov.in/ResultAcGenMay2026/partywisewinresult-582S22.htm
176,PATTUKKOTTAI,DMK,Dravida Munnetra Kazhagam,ANNADURAI K,65963,13754,24/24,https://results.eci.gov.in/ResultAcGenMay2026/partywisewinresult-582S22.htm
177,PERAVURANI,DMK,Dravida Munnetra Kazhagam,ASHOKKUMAR. N,60919,3162,21/21,https://results.eci.gov.in/ResultAcGenMay2026/partywisewinresult-582S22.htm
178,GANDHARVAKOTTAI,TVK,Tamilaga Vettri Kazhagam,N. SUBRAMANIAN,58795,11039,18/18,https://results.eci.gov.in/ResultAcGenMay2026/partywisewinresult-3679S22.htm
179,VIRALIMALAI,ADMK,All India Anna Dravida Munnetra Kazhagam,VIJAYABASKAR. C,105773,62073,22/22,https://results.eci.gov.in/ResultAcGenMay2026/partywisewinresult-75S22.htm
180,PUDUKKOTTAI,DMK,Dravida Munnetra Kazhagam,V. MUTHURAJA,66825,1867,22/22,https://results.eci.gov.in/ResultAcGenMay2026/partywisewinresult-582S22.htm
181,THIRUMAYAM,DMK,Dravida Munnetra Kazhagam,REGUPATHY.S,58201,1492,22/22,https://results.eci.gov.in/ResultAcGenMay2026/partywisewinresult-582S22.htm
182,ALANGUDI,DMK,Dravida Munnetra Kazhagam,SIVA.V.MEYYANATHAN,64929,12977,21/21,https://results.eci.gov.in/ResultAcGenMay2026/partywisewinresult-582S22.htm
183,ARANTHANGI,TVK,Tamilaga Vettri Kazhagam,MOHAMED FARVAS. J,73244,10062,23/23,https://results.eci.gov.in/ResultAcGenMay2026/partywisewinresult-3679S22.htm
184,KARAIKUDI,TVK,Tamilaga Vettri Kazhagam,DR.PRABHU. TK,101358,46074,30/30,https://results.eci.gov.in/ResultAcGenMay2026/partywisewinresult-3679S22.htm
185,TIRUPPATTUR,TVK,Tamilaga Vettri Kazhagam,SEENIVASA SETHUPATHY. R,83375,1,30/30,https://results.eci.gov.in/ResultAcGenMay2026/partywisewinresult-3679S22.htm
186,SIVAGANGA,TVK,Tamilaga Vettri Kazhagam,KULANTHAI RANI A,73737,15081,31/31,https://results.eci.gov.in/ResultAcGenMay2026/partywisewinresult-3679S22.htm
187,MANAMADURAI,TVK,Tamilaga Vettri Kazhagam,ELANGOVAN.D,69971,1208,27/27,https://results.eci.gov.in/ResultAcGenMay2026/partywisewinresult-3679S22.htm
188,MELUR,INC,Indian National Congress,P.VISWANATHAN,60080,2724,21/21,https://results.eci.gov.in/ResultAcGenMay2026/partywisewinresult-742S22.htm
189,MADURAI EAST,TVK,Tamilaga Vettri Kazhagam,KARTHIKEYAN S,118777,16547,29/29,https://results.eci.gov.in/ResultAcGenMay2026/partywisewinresult-3679S22.htm
190,SHOLAVANDAN,TVK,Tamilaga Vettri Kazhagam,KARUPPAIAH.M.V,63907,2678,19/19,https://results.eci.gov.in/ResultAcGenMay2026/partywisewinresult-3679S22.htm
191,MADURAI NORTH,TVK,Tamilaga Vettri Kazhagam,A.KALLANAI,72853,18038,19/19,https://results.eci.gov.in/ResultAcGenMay2026/partywisewinresult-3679S22.htm
192,MADURAI SOUTH,TVK,Tamilaga Vettri Kazhagam,M.M.GOPISON,62415,21529,17/17,https://results.eci.gov.in/ResultAcGenMay2026/partywisewinresult-3679S22.htm
193,MADURAI CENTRAL,TVK,Tamilaga Vettri Kazhagam,MADHAR BADHURUDEEN,63414,19128,19/19,https://results.eci.gov.in/ResultAcGenMay2026/partywisewinresult-3679S22.htm
194,MADURAI WEST,TVK,Tamilaga Vettri Kazhagam,THANGAPANDI SR,88250,11931,27/27,https://results.eci.gov.in/ResultAcGenMay2026/partywisewinresult-3679S22.htm
195,THIRUPARANKUNDRAM,TVK,Tamilaga Vettri Kazhagam,NIRMALKUMAR. R.,114316,41553,27/27,https://results.eci.gov.in/ResultAcGenMay2026/partywisewinresult-3679S22.htm
196,THIRUMANGALAM,DMK,Dravida Munnetra Kazhagam,MANIMARAN.M,88291,23807,26/26,https://results.eci.gov.in/ResultAcGenMay2026/partywisewinresult-582S22.htm
197,USILAMPATTI,TVK,Tamilaga Vettri Kazhagam,VIJAY. M,65743,1805,25/25,https://results.eci.gov.in/ResultAcGenMay2026/partywisewinresult-3679S22.htm
198,ANDIPATTI,DMK,Dravida Munnetra Kazhagam,MAHARAJAN.A,74324,9554,25/25,https://results.eci.gov.in/ResultAcGenMay2026/partywisewinresult-582S22.htm
199,PERIYAKULAM,TVK,Tamilaga Vettri Kazhagam,SABARI IYNGARAN G.,85656,19321,26/26,https://results.eci.gov.in/ResultAcGenMay2026/partywisewinresult-3679S22.htm
200,BODINAYAKANUR,DMK,Dravida Munnetra Kazhagam,PANNEERSELVAM.O,85206,6805,25/25,https://results.eci.gov.in/ResultAcGenMay2026/partywisewinresult-582S22.htm
201,CUMBUM,TVK,Tamilaga Vettri Kazhagam,JEGANATHMISHRA PLA,85394,751,25/25,https://results.eci.gov.in/ResultAcGenMay2026/partywisewinresult-3679S22.htm
202,RAJAPALAYAM,TVK,Tamilaga Vettri Kazhagam,JEGADESHWARI. K,65548,10605,21/21,https://results.eci.gov.in/ResultAcGenMay2026/partywisewinresult-3679S22.htm
203,SRIVILLIPUTHUR,TVK,Tamilaga Vettri Kazhagam,KARTHIK.A,65653,8581,24/24,https://results.eci.gov.in/ResultAcGenMay2026/partywisewinresult-3679S22.htm
204,SATTUR,DMK,Dravida Munnetra Kazhagam,KADARKARAIRAJ. A,62060,5989,21/21,https://results.eci.gov.in/ResultAcGenMay2026/partywisewinresult-582S22.htm
205,SIVAKASI,TVK,Tamilaga Vettri Kazhagam,KEERTHANA S,68709,11670,22/22,https://results.eci.gov.in/ResultAcGenMay2026/partywisewinresult-3679S22.htm
206,VIRUDHUNAGAR,TVK,Tamilaga Vettri Kazhagam,SELVAM P,63653,9391,23/23,https://results.eci.gov.in/ResultAcGenMay2026/partywisewinresult-3679S22.htm
207,ARUPPUKKOTTAI,DMK,Dravida Munnetra Kazhagam,RAMACHANDRAN. K.K.S.S.R,65104,4943,20/20,https://results.eci.gov.in/ResultAcGenMay2026/partywisewinresult-582S22.htm
208,TIRUCHULI,DMK,Dravida Munnetra Kazhagam,THANGAM THENARASU,75085,13485,23/23,https://results.eci.gov.in/ResultAcGenMay2026/partywisewinresult-582S22.htm
209,PARAMAKUDI,DMK,Dravida Munnetra Kazhagam,ADVOCATE. KATHIRAVAN. K.K,59161,3548,25/25,https://results.eci.gov.in/ResultAcGenMay2026/partywisewinresult-582S22.htm
210,TIRUVADANAI,TVK,Tamilaga Vettri Kazhagam,RAJEEV,69551,2513,28/28,https://results.eci.gov.in/ResultAcGenMay2026/partywisewinresult-3679S22.htm
211,RAMANATHAPURAM,DMK,Dravida Munnetra Kazhagam,KATHARBATCHA MUTHURAMALINGAM,89137,12459,31/31,https://results.eci.gov.in/ResultAcGenMay2026/partywisewinresult-582S22.htm
212,MUDHUKULATHUR,DMK,Dravida Munnetra Kazhagam,R.S.RAJAKANNAPPAN,68003,16598,31/31,https://results.eci.gov.in/ResultAcGenMay2026/partywisewinresult-582S22.htm
213,VILATHIKULAM,DMK,Dravida Munnetra Kazhagam,MARKANDAYAN G V,58395,8228,20/20,https://results.eci.gov.in/ResultAcGenMay2026/partywisewinresult-582S22.htm
214,THOOTHUKKUDI,TVK,Tamilaga Vettri Kazhagam,SRINATH,100536,37731,26/26,https://results.eci.gov.in/ResultAcGenMay2026/partywisewinresult-3679S22.htm
215,TIRUCHENDUR,DMK,Dravida Munnetra Kazhagam,ANITHA R. RADHAKRISHNAN,72723,5872,22/22,https://results.eci.gov.in/ResultAcGenMay2026/partywisewinresult-582S22.htm
216,SRIVAIKUNTAM,TVK,Tamilaga Vettri Kazhagam,SARAVANAN. G,58814,1186,21/21,https://results.eci.gov.in/ResultAcGenMay2026/partywisewinresult-3679S22.htm
217,OTTAPIDARAM,TVK,Tamilaga Vettri Kazhagam,P .MATHANRAJA,81625,29083,24/24,https://results.eci.gov.in/ResultAcGenMay2026/partywisewinresult-3679S22.htm
218,KOVILPATTI,DMK,Dravida Munnetra Kazhagam,KARUNANITHI.K,61643,843,25/25,https://results.eci.gov.in/ResultAcGenMay2026/partywisewinresult-582S22.htm
219,SANKARANKOVIL,ADMK,All India Anna Dravida Munnetra Kazhagam,DR. DHILIPAN JAISHANKAR,64865,6489,24/24,https://results.eci.gov.in/ResultAcGenMay2026/partywisewinresult-75S22.htm
220,VASUDEVANALLUR,DMK,Dravida Munnetra Kazhagam,E. RAJA,63045,6583,23/23,https://results.eci.gov.in/ResultAcGenMay2026/partywisewinresult-582S22.htm
221,KADAYANALLUR,DMK,Dravida Munnetra Kazhagam,RAJENDRAN. T. M,79832,6253,27/27,https://results.eci.gov.in/ResultAcGenMay2026/partywisewinresult-582S22.htm
222,TENKASI,DMK,Dravida Munnetra Kazhagam,DR.KALAI KATHIRAVAN,79699,10299,26/26,https://results.eci.gov.in/ResultAcGenMay2026/partywisewinresult-582S22.htm
223,ALANGULAM,DMK,Dravida Munnetra Kazhagam,PAUL MANOJ PANDIAN,69170,7798,25/25,https://results.eci.gov.in/ResultAcGenMay2026/partywisewinresult-582S22.htm
224,TIRUNELVELI,TVK,Tamilaga Vettri Kazhagam,MURUGHAN.R.S.,75840,11414,28/28,https://results.eci.gov.in/ResultAcGenMay2026/partywisewinresult-3679S22.htm
225,AMBASAMUDRAM,ADMK,All India Anna Dravida Munnetra Kazhagam,DR.ESAKKI SUBAYA,65589,10245,23/23,https://results.eci.gov.in/ResultAcGenMay2026/partywisewinresult-75S22.htm
226,PALAYAMKOTTAI,DMK,Dravida Munnetra Kazhagam,M.ABDUL WAHAB,79744,13805,22/22,https://results.eci.gov.in/ResultAcGenMay2026/partywisewinresult-582S22.htm
227,NANGUNERI,TVK,Tamilaga Vettri Kazhagam,REDDIARPATTI V. NARAYANAN,74952,16419,25/25,https://results.eci.gov.in/ResultAcGenMay2026/partywisewinresult-3679S22.htm
228,RADHAPURAM,TVK,Tamilaga Vettri Kazhagam,DR.SATHISH CHRISTOPHER,69947,12313,26/26,https://results.eci.gov.in/ResultAcGenMay2026/partywisewinresult-3679S22.htm
229,KANNIYAKUMARI,ADMK,All India Anna Dravida Munnetra Kazhagam,THALAVAI SUNDARAM. N,75045,214,34/34,https://results.eci.gov.in/ResultAcGenMay2026/partywisewinresult-75S22.htm
230,NAGERCOIL,DMK,Dravida Munnetra Kazhagam,AUSTIN,69880,7570,23/23,https://results.eci.gov.in/ResultAcGenMay2026/partywisewinresult-582S22.htm
231,COLACHAL,INC,Indian National Congress,THARAHAI CUTHBERT,66207,2833,28/28,https://results.eci.gov.in/ResultAcGenMay2026/partywisewinresult-742S22.htm
232,PADMANABHAPURAM,CPI(M),Communist Party of India (Marxist),CHELLASWAMY. R,68938,15569,24/24,https://results.eci.gov.in/ResultAcGenMay2026/partywisewinresult-547S22.htm
233,VILAVANCODE,INC,Indian National Congress,PRAVEEN T.T,70755,20970,22/22,https://results.eci.gov.in/ResultAcGenMay2026/partywisewinresult-742S22.htm
234,KILLIYOOR,INC,Indian National Congress,RAJESH KUMAR. S,66434,1311,23/23,https://results.eci.gov.in/ResultAcGenMay2026/partywisewinresult-742S22.htm
